Project Number,MH Name,County,Street City State Zip,Lots,Approval Date,Primary Status,Owner Name,PlantCity
PRMZ000352,FROSTPROOF MOBILE VILLAGE,Polk,"375 W HIGHWAY 630, FROSTPROOF, FL 33843",124,06/24/2016,Approved,,
PRMZ000385,GRANDVIEW ESTATES,Hillsborough,"5220 CR 579 S, SEFFNER, FL 33584",122,11/10/2025,Approved,,
PRMZ001011,SHERWOOD MOBILE MANOR,Polk,"1200 N DAVIS AVE, LAKELAND, FL 33805",160,08/15/2001,Approved,,
PRMZ001611,SHELL POINTE MANUFACTURED HOME COMMUNITY,Hillsborough,"1112 W SHELL POINT RD, RUSKIN, FL 33570",63,02/17/2026,Approved,,
PRMZ000776,LAKE BAMBI MOBILE HOME & RV PARK,Pasco,"6105 LAND O' LAKES BLVD, LAND O' LAKES, FL 34638",33,08/14/2024,Approved,,
PRMZ001540,PINE OAKS MOBILE HOME PARK,Hillsborough,"183 MAPLE, PLANT CITY, FL 33566",104,02/05/2020,Approved,,Y
PRMZ000749,LUCERNE LAKESIDE MANUFACTURED HOME COMMUNITY,Polk,"39 1/2 AZALEA DR, WINTER HAVEN, FL 33881",140,06/04/2025,Approved,,
PRMZ000275,DALLEY TOWN PARK,Polk,"1400 HWY 17 N, FORT MEADE, FL 33841",25,06/30/2021,Approved,,
PRMZ001295,RAINES MOBILE HOME PARK,Hillsborough,"5123 E BROADWAY AVE, TAMPA, FL 33619",0,04/19/2016,Approved,,
PRMY003122,PINEWOOD MOBILE PARK,Polk,"192 PINEWOOD LN, LAKE ALFRED, FL 33881",17,04/13/2016,Approved,,
PRMZ001059,GROVE MOBILE HOME PARK,Hillsborough,"1518 CLEMENT RD, LUTZ, FL 33549",34,06/03/2026,Approved,,
PRMZ001524,RIVER HAVEN MOBILE HOME PARK,Hillsborough,"156 19TH ST NW, RUSKIN, FL 33570",63,05/11/2026,Approved,,
PRMZ000164,SUNSET SHORES CO-OP INC,Polk,"1000 S CLINCH LAKE BLVD, FROSTPROOF, FL 33843",24,07/19/2016,Approved,,
PRMZ000415,GEORGETOWNE MOBILE MANOR,Polk,"1501 W ARIANA ST, LAKELAND, FL 33803",188,02/29/2024,Approved,,
PRMY002186,FRIENDLY OURS MOBILE HOME PARK,Pasco,"37936 12TH AVE, ZEPHYRHILLS, FL 33542",20,10/26/2021,Approved,,
PRMZ000619,LEISURE HOMES MP,Polk,"1675 LYNCHBURG RD, LAKE ALFRED, FL 33850-2651",54,10/28/2016,Approved,,
PRMZ003246,HAMPTONS,Polk,"1094 HWY 92 W, AUBURNDALE, FL 33823",829,06/30/2025,Approved,,
PRMZ000374,GROVE SHORES MOBILE COLONY,Polk,"5201 STRUTHERS RD, WINTER HAVEN, FL 33884",60,07/05/2022,Approved,,
PRMZ000379,GULF BREEZE MOBILE HOME PARK,Pasco,"7530 MARYLAND AVE, HUDSON, FL 34667",39,02/20/2026,Approved,,
PRMY002608,SOMERSET ACRES MOBILE HOME PARK,Pasco,"20344 OLD SOMERSET ACRES LN, SPRING HILL, FL 34610",13,12/03/2024,Approved,,
PRMZ000944,RAINBOW ROCK MHP,Hillsborough,"1150 FLETCHER LN, PLANT CITY, FL 33566",45,07/20/2016,Approved,,Y
PRMZ001720,RIVERLAWN MANUFACTURED HOME COMMUNITY,Hillsborough,"8215 STONER RD, RIVERVIEW, FL 33569",131,06/23/2021,Approved,,
PRMY002064,MCKENZIE MHP,Polk,"2011 N LK REEDY BLVD, FROSTPROOF, FL 33843",15,10/12/2016,Approved,,
PRMZ000882,IMPERIAL OAKS ESTATES MOBILE HOME PARK,Pasco,"11440 CAUSEWAY BLVD, NEW PORT RICHEY, FL 34654",89,01/31/2023,Approved,,
PRMZ001740,SPRING HILL MOBILE HOME PARK,Polk,"7400 S COUNTY LINE RD, MULBERRY, FL 33860",255,12/07/2023,Approved,,
PRMZ001253,ZACK'S OAKSIDE MHP INC,Pasco,"38539 CRESCENT AVE, ZEPHYRHILLS, FL 33540",238,09/08/2011,Approved,,
PRMZ001775,SUNSHINE LAKE ESTATES,Pasco,"6530 ACCENT LANE, NEW PORT RICHEY, FL 34653",248,11/18/2021,Approved,,
PRMZ001247,SELPH'S MH VILLAGE,Polk,"301 SOUTH LAKE REEDY BLVD, FROSTPROOF, FL 33843",35,08/22/2017,Approved,,
PRMY003081,GARDEN GATE MOBILE HOME PARK,Polk,"801 HWY 27 S., DUNDEE, FL 33838",8,02/28/2018,Approved,,
PRMZ001176,FOREST LAKE ESTATES,Pasco,"6429 FOREST LAKE DR, ZEPHYRHILLS, FL 33540",1068,07/15/2026,Approved,,
PRMZ000240,COUNTRY AIRE MOBILE HOME PARK,Hillsborough,"10940 CLAY PIT RD, TAMPA, FL 33610",61,08/03/2017,Approved,,
PRMZ001561,RIVERSIDE CLUB,Hillsborough,"2550 PIER DR, RUSKIN, FL 33570",729,03/24/2025,Approved,,
PRMZ000890,HUDSON SPRINGS MOBILE HOME PARK,Pasco,"14235 PINE ST, HUDSON, FL 34667",18,09/29/2021,Approved,,
PRMZ000108,COLLEGE PARK MOBILE HOME PARK,Polk,"4639 HWY 27 S, LAKE WALES, FL 33853",99,02/01/2023,Approved,,
PRMZ000157,CYPRESS GARDENS FAMILY CAMPGRND & MH EST,Polk,"1951 LAKE DAISY RD, WINTER HAVEN, FL 33884",143,11/08/2022,Approved,,
PRMZ000940,RALSTON BEACH TRAILER CT,Hillsborough,"6817 N HABANA AVE, TAMPA, FL 33614",45,11/08/2017,Approved,,
PRMZ000300,BUCCANEER BAY MOBILE HOME COMMUNITY,Polk,"643 MATHEW RD, LAKELAND, FL 33815",54,02/07/2022,Approved,,
PR7602,STRAWBERRY PATCH MOBILE HOME PARK,Hillsborough,"546 STRAWBERRY PATCH CIR, PLANT CITY, FL 33563",32,09/18/2018,Approved,,Y
PRMY002818,PARKWAY MOBILE HOME PARK,Polk,"5252 NEW TAMPA HWY, LAKELAND, FL 33815",16,06/20/2025,Approved,,
PRMZ001718,STRAWBERRY FIELDS MOBILE HOME PARK,Hillsborough,"5106 WALLACE RD, PLANT CITY, FL 33567",70,08/14/2017,Approved,,Y
PRMZ001823,WINTER HAVEN MOBILE HOME PARK,Polk,"50 LAKE CHARLOTTE DR W, WINTER HAVEN, FL 33880",238,07/17/2023,Approved,,
PRMZ001695,SHANGRI-LA MOBILE ESTATES,Polk,"2850 NEW TAMPA HWY LOT 74, LAKELAND, FL 33815",124,02/01/2023,Approved,,
PRMZ001851,RIVER BAY MOBILE HOME PARK,Hillsborough,"411 RIVER BAY DR, TAMPA, FL 33619",307,12/06/2023,Approved,,
PRMZ000840,RIDGE MANOR MOBILE HOME PARK,Polk,"1301 POLK CITY RD, HAINES CITY, FL 33844",170,05/01/2026,Approved,,
PRMZ001344,ORANGE HEIGHTS MOBILE HOME PARK,Pasco,"5912 TWIN BEND LOOP, NEW PORT RICHEY, FL 34652",37,07/03/2024,Approved,,
PRMZ002873,GREEN ACRES,Polk,"4331 LAKE BUFFUM ROAD, LAKE WALES, FL 33859-3163",41,08/17/2017,Approved,,
PRMY003058,MY WARRIOR'S PLACE,Hillsborough,"105 22ND ST NW, RUSKIN, FL 33570",10,09/18/2024,Approved,,
PRMZ001580,MELODY ACRES MOBILE HOME PARK,Polk,"5500 NEW TAMPA HWY, LAKELAND, FL 33815",84,11/05/2019,Approved,,
PRMZ000968,OAK HILL MOBILE HOME COMMUNITY,Polk,"1331 OAKHILL ST, LAKELAND, FL 33815",79,10/08/2024,Approved,,
PRMZ001261,KINGSWOOD,Hillsborough,"10109 OAK FOREST DR, RIVERVIEW, FL 33569",89,07/12/2021,Approved,,
PRMY002094,SILVER STAR MOBILE HOME PARK,Hillsborough,"19608 LIVINGSTON AVE, LUTZ, FL 33549",15,09/10/2018,Approved,,
PRMY002969,SHADY GROVE,Hillsborough,"12966 MORRIS BRIDGE RD, THONOTOSASSA, FL 33592",22,02/20/2019,Approved,,
PRMZ001008,SHALIMAR VILLAGE,Pasco,"6529 STONE RD, PORT RICHEY, FL 34668",179,12/08/2025,Approved,,
PRMZ002691,WOODLAND ESTATES,Hillsborough,"602 WOODLAND ESTATES AVE, RUSKIN, FL 33570",60,10/10/2019,Approved,,
PRMZ001511,"HARBOR, THE",Polk,"10511 MONROE CT, LAKE WALES, FL 33898",28,08/27/2018,Approved,,
PRMZ001637,MINERVA MOBILE HOME PARK,Polk,"2800 HIGHWAY 17- 92 WEST, HAINES CITY, FL 33844",81,05/27/2020,Approved,,
PRMY002910,PRUETT BLACK DAIRY ROAD TP,Hillsborough,"6421- 6427 BLACK DAIRY ROAD, SEFFNER, FL 33584",25,03/22/2019,Approved,,
PRMZ000062,BRIARWOOD MOBILE HOME COMMUNITY,Hillsborough,"4002 SMITH RYALS RD, PLANT CITY, FL 33567",95,01/10/2020,Approved,,Y
PRMZ001398,SUNSET BY THE LAKE,Polk,"203 SUNSET DR, LAKE ALFRED, FL 33850",92,03/25/2025,Approved,,
PRMZ001330,WINDWARD GARDENS MOBILE HOME PARK,Hillsborough,"301 N WILDER RD, PLANT CITY, FL 33566",99,12/27/2018,Approved,,Y
PRMZ000112,CRESCENT LAKE PARK,Hillsborough,"11222 CRESCENT LAKE DR, RIVERVIEW, FL 33578",143,05/11/2026,Approved,,
PRMZ001310,TOWNSLEY ESTATES MH COMMUNITY,Polk,"200 E ROBSON ST, LAKELAND, FL 33805",39,10/19/2018,Approved,,
PRMY002629,SUNSET BY THE LAKE II,Polk,"6703 LYNCHBURG ROAD, WINTER HAVEN, FL 33801",14,04/25/2019,Approved,,
PRMZ000897,WINDWARD KNOLL MOBILE HOME PARK,Hillsborough,"12415 THONOTOSASSA RD, THONOTOSASSA, FL 33592",140,02/10/2026,Approved,,
PRMZ001548,PALM TREE ACRES MHP,Pasco,"36006 5TH AVE, ZEPHYRHILLS, FL 33541",183,08/15/2001,Approved,,
PRMZ001549,POLO PARK EAST,Polk,"525 POLO PARK EAST BLVD, DAVENPORT, FL 33897",31,07/31/2013,Approved,POLO PARK EAST RO ASSOCIATION INC,
PRMZ001564,KISSIMMEE RIVER PARK AND MARINA,Polk,"3800 BRUCE BLVD, LAKE WALES, FL 33898",82,10/26/2016,Approved,,
PRMY002200,BURGER'S MOBILE HOME PARK,Pasco,"10416 CANDY LANE, DADE CITY, FL 33525",5,07/02/2021,Approved,,
PRMY002203,"ALAFIA RIVER BEER SHED & MHP, INC",Hillsborough,"11315 DEL RIO DR., RIVERVIEW, FL 33569-5184",18,04/06/2004,Approved,,
PRMY002259,HI OAKS MHP,Pasco,"13301 CLARA DR, HUDSON, FL 34669",17,04/12/2016,Approved,,
PRMZ000501,HEATHERWOOD VILLAGE,Polk,"1925 HARDEN BLVD, LAKELAND, FL 33803",301,07/02/2020,Approved,,
PRMZ000503,HIDDEN OAKS,Hillsborough,"707 E 138TH AVE, TAMPA, FL 33613-3304",73,10/05/1988,Approved,,
PRMZ000517,TROPICAL ACRE EST,Pasco,"3221 PARADISE WAY, ZEPHYRHILLS, FL 33541",367,10/02/2020,Approved,,
PRMZ000520,HICKORY HILLS MANOR,Polk,"1601 W JOSEPHINE ST, LAKELAND, FL 33815-4244",366,12/20/2022,Approved,FLORIDA HICKORY HILLS LTD,
PRMZ000524,HIGHLAND VILLAGE MOBILE HOME PARK,Polk,"375 W BRANNEN RD, LAKELAND, FL 33813",385,10/09/2025,Approved,,
PRMZ000534,HILLSIDE MOBILE HOME PARK,Pasco,"39515 BAMBOO LANE, ZEPHYRHILLS, FL 33540",188,08/23/2021,Approved,,
PRMZ000546,LIBERTY HILLS MHC,Pasco,"5101 ALLEN RD, ZEPHYRHILLS, FL 33541",54,10/24/2025,Approved,,
PRMZ000547,HIDDEN COVE EAST,Polk,"LUCERN PARK RD, WINTER HAVEN, FL 33880",83,08/13/2015,Approved,LUCERNE LTD,
PRMZ000549,IMPERIAL MANOR MH TERRACE,Polk,"2321 NEW TAMPA HWY, LAKELAND, FL 33815",200,05/22/2026,Approved,,
PRMZ001566,KINGS MANOR,Polk,"1500 W HIGHLAND ST, LAKELAND, FL 33801",240,02/27/2025,Approved,,
PRMZ001570,ORANGE ACRES RANCH,Polk,"5130 ALTURAS BABSON PARK CUTOFF RD, LAKE WALES, FL 33859-8223",53,01/08/2024,Approved,,
PRMZ001571,OAKWOOD EST MHP,Polk,"4028 ROLLING OAKS DR, WINTER HAVEN, FL 33880",445,09/19/1990,Approved,OAKWOOD ASSOC. INC,
PRMZ001575,SUNDANCE VILLAGE MOBILE HOME PARK,Polk,"1400 BANANA RD, LAKELAND, FL 33810",160,11/12/2020,Approved,,
PRMZ001586,VILLAGE OF TAMPA,Hillsborough,"1201 E SKIPPER RD, TAMPA, FL 33613",463,10/02/2025,Approved,,
PRMY002396,OAK MANOR MOBILE RANCH,Pasco,"33194 MAUMEE TRACK, DADE CITY, FL 33523",21,11/01/1988,Approved,,
PRMY002397,PALM RIVER TP,Hillsborough,"506 50TH ST S, TAMPA, FL 33619",5,06/30/2006,Approved,,
PRMY002420,SMOKEY VALLEY MHP,Polk,"225 ED PADGETT RD, LAKELAND, FL 33809",12,07/10/2006,Approved,,
PRMY002421,KING OAKS MOBILE HOME PARK,Hillsborough,"800 N KINGSWAY RD, SEFFNER, FL 33584",13,06/02/2003,Approved,,
PRMZ001612,LAKE DEESON VILLAGE,Polk,"5210 SR 33 NORTH, LAKELAND, FL 33805",103,12/16/2016,Approved,,
PRMZ001613,REEDY HAVEN TRAILER PARK,Polk,"285 LAKE AVE, FROSTPROOF, FL 33843",34,02/02/2002,Approved,"SMITH, MARGARET",
PRMZ001625,ROBINSONS ORANGE PARK,Hillsborough,"4120 HIGHWAY 92 WEST, PLANT CITY, FL 33567",109,04/26/1989,Approved,"ROBINSON, T G & LAVERNE",Y
PRMZ001626,OAK GROVE MOBILE HOME PARK,Hillsborough,"4320 WILLIAMS RD, TAMPA, FL 33610",50,11/22/2024,Approved,,
PRMZ000562,LAKE COMO NUDIST MOBILE HOME RESORT,Pasco,"20500 COT ROAD, LUTZ, FL 33558",166,05/29/2025,Approved,,
PRMZ000578,LAMPLIGHTER ON THE RIVER MOBILE HOME PARK,Hillsborough,"8406 CINDY WAY, TAMPA, FL 33637",423,01/07/2025,Approved,,
PRMZ000596,LAKEVIEW IN THE HILLS,Pasco,"10515 US HWY 301, DADE CITY, FL 33525",55,08/02/2023,Approved,,
PRMZ000598,LAKE PADGETT MH VILLAGE,Pasco,"21318 ENTRY WAY, LAND O LAKES, FL 34639",74,09/23/2021,Approved,,
PRMZ000616,LAKE DEER MOBILE HOME PARK,Polk,"3301 AVE G NW, WINTER HAVEN, FL 33880",130,12/30/2020,Approved,,
PRMZ001629,OAKBROOK MHP,Hillsborough,"4404 574 HWY, PLANT CITY, FL 33567",47,05/03/2018,Approved,,Y
PRMZ001635,OAK HAMMOCK,Polk,"2455 HWY 17 S, BARTOW, FL 33830",103,12/15/2020,Approved,,
PRMZ001638,EMERALD LAKE MOBILE HOME PARK,Polk,"200 JEREMY DR, DAVENPORT, FL 33837",108,03/24/2026,Approved,,
PRMZ001692,SCENIC VIEW MH CT,Polk,"2025 W DAUGHTERY RD, LAKELAND, FL 33810",75,07/07/2026,Approved,,
PRMZ001693,SUNLAKE TERRACE ESTATES,Polk,"6555 OLD LAKE WILSON RD, DAVENPORT, FL 33896",202,03/18/2026,Approved,,
PRMZ001694,TWIN PALMS MOBILE HOME PARK,Polk,"301 N GALLOWAY RD, LAKELAND, FL 33815",222,05/20/2024,Approved,,
PRMZ001698,S-P MOBILE HOME PARK,Polk,"780 W DAVIDSON ST, BARTOW, FL 33830",102,05/21/2026,Approved,IMPERIAL S-P CORP,
PRMZ001701,JERSEY MOBILE HOME PARK,Hillsborough,"111 E LINEBAUGH AVE, TAMPA, FL 33612",73,08/20/2025,Approved,,
PRMZ001702,CENTRAL AVENUE TRAILER PARK,Hillsborough,"9614 CENTRAL AVE, TAMPA, FL 33612",28,10/24/2001,Approved,,
PRMZ000403,TAMPA EAST RV RESORT,Hillsborough,"12720 US HWY 92, DOVER, FL 33527",32,07/25/2023,Approved,,
PRMZ000420,LAKES AT COUNTRYWOOD,Hillsborough,"745 ARBOR ESTATES WAY, PLANT CITY, FL 33565",421,09/18/2018,Approved,,Y
PRMZ000435,HIDDEN COVE,Polk,"STATE RD 544, WINTER HAVEN, FL 33881",122,07/13/2023,Approved,,
PRMZ001433,PALM SHORES MOBILE VILLAGE,Polk,"ONE EAST LANE, LAKE ALFRED, FL 33850",97,01/04/2018,Approved,,
PRMZ001448,WOODBROOK ESTATES MANUFACTURED HOME COMMUNITY,Polk,"1510 W ARIANA ST, LAKELAND, FL 33803",461,11/22/2024,Approved,,
PRMZ001460,SUNSHINE TRAILER PARK,Hillsborough,"13516 WEST HILLSBOROUGH AVE, TAMPA, FL 33635",16,10/25/2021,Approved,,
PRMZ001461,FLORAL VILLAGE,Hillsborough,"1608 W BAKER ST, PLANT CITY, FL 33563",138,07/15/2025,Approved,RICKERT WAYNE C,Y
PRMZ001478,TOWER LAKES,Polk,"1865 TOWER LAKES BLVD, LAKE WALES, FL 33859",418,05/05/2020,Approved,,
PRMZ001482,OAK BEND MOBILE HOME PARK,Pasco,"14818 SHARK ST, HUDSON, FL 34667",71,06/22/2026,Approved,,
PRMZ001490,HAPPY DAYS MOBILE HOME PARK,Polk,"1311 HWY 92 W, AUBURNDALE, FL 33823",114,11/20/2024,Approved,,
PRMY002042,MAGNOLIA ACRES,Pasco,"8026 BLUEBELL LN, ZEPHYRHILLS, FL 33540",17,03/11/2015,Approved,,
PRMY002049,DICKSON MOBILE HOME PARK,Hillsborough,"12739 N FLORIDA AVE, TAMPA, FL 33612",17,06/23/2021,Approved,,
PRMY002066,TRIPLE R MHP LLC,Hillsborough,"126 21ST ST NW, RUSKIN, FL 33570",10,05/08/2026,Approved,,
PRMY002075,G & S PARK,Polk,"1 HARRELL RD, WINTER HAVEN, FL 33880",12,09/10/2013,Approved,,
PRMY002086,PELICAN COURT,Hillsborough,"10921 NEBRASKA AVE, TAMPA, FL 33612",3,02/23/2022,Approved,,
PRMY002098,MID LAKES MOBILE HOME PARK,Polk,"6509 THORNHILL RD, WINTER HAVEN, FL 33880",12,06/29/2010,Approved,,
PRMY002110,EAST POINT MOBILE MANOR,Hillsborough,"5337 GARDEN LN, TAMPA, FL 33610",12,11/03/2025,Approved,,
PRMY002141,NORMAN VILLAGE,Polk,"23 TENNESSEE LANE, AUBURNDALE, FL 33823",20,12/11/1984,Approved,"NORRIS, DAVID",
PRMY002145,TIDEWATER TRAILER PARK,Hillsborough,"8540 NORTH RIVER RD, TAMPA, FL 33635",20,05/11/2020,Approved,,
PRMZ000447,HIDDEN GOLF CLUB,Polk,"1 CENTURY DR, WINTER HAVEN, FL 33881",341,01/22/2015,Approved,,
PRMZ000448,HEARTLAND ESTATES,Polk,"1701 WEST COMMERCE AVE, HAINES CITY, FL 33844",278,11/19/2025,Approved,,
PRMZ000461,HACIENDA HEIGHTS MOBILE HOME PARK,Hillsborough,"10731 EL PASO DRIVE, RIVERVIEW, FL 33569",590,09/29/2020,Approved,,
PRMZ000462,HALLIDAY MHP,Hillsborough,"12408 N FLORIDA AVE, TAMPA, FL 33612",85,04/21/1999,Approved,,
PRMZ000463,HARBOR VIEW,Pasco,"6617 LOUISIANA AVE, NEW PORT RICHEY, FL 34653",471,09/12/2018,Approved,,
PRMZ000464,HARMONY HEIGHTS MHP,Pasco,"11050 HARMONY DRIVE, DADE CITY, FL 33525",78,02/27/2009,Approved,,
PRMZ000476,HAMMOCK LAKE EST MHP,Polk,"1801 HWY 17 S, FORT MEADE, FL 33841",79,09/27/2004,Approved,HAMMOCK LAKE MOBILE ESTATES,
PRMZ001508,TYRONE VILLAGE,Hillsborough,"13618 N FLORIDA AVE, TAMPA, FL 33613",111,04/01/2020,Approved,,
PRMZ001517,PLANTATION OAKS,Hillsborough,"700 N KINGSWAY RD, SEFFNER, FL 33584",101,09/23/2024,Approved,,
PRMZ001519,PLANT CITY MOBILE HOME PARK,Hillsborough,"4404 SR 574, PLANT CITY, FL 33567",117,03/17/2020,Approved,,Y
PRMY002180,LAKE IOLA TP,Pasco,"BOX 16, 33009 MCCABE ROAD, SAN ANTONIO, FL 33576",14,09/16/1987,Approved,"JONES, J RALPH",
PRMY002190,CROSSON'S 579 TP,Hillsborough,"11723 HWY 579 S, THONOTOSASSA, FL 33592",10,09/07/2017,Approved,,
PRMZ000835,WOODALL'S VILLAGE,Polk,"2121 NEW TAMPA HWY 3F, LAKELAND, FL 33815",235,10/20/2016,Approved,"WOODALL'S, INC.",
PRMZ003209,KING RICHARDS COURT,Hillsborough,"10306 BIG BEND RD LOT 1, RIVERVIEW, FL 33569",117,11/03/2001,Approved,,
PRMZ003214,BLUE HERON BAY,Polk,"36345 US HWY 27N, HAINES CITY, FL 33844",252,09/25/2025,Approved,"BLUE HERON BAY, INC.",
PRMZ003223,LAKE POINTE VILLAGE MOBILE HOME PARK,Polk,"277 LAKE ERIE DR, MULBERRY, FL 33860",374,08/15/2024,Approved,,
PRMZ003255,STRAWBERRY RIDGE SOUTH,Hillsborough,"4419 SR 60, VALRICO, FL 33594",494,05/08/2023,Approved,,
PRMZ003264,GRAND VALLEY,Pasco,"7306 OSTEEN RD, NEW PORT RICHEY, FL 33653",193,05/22/2013,Approved,,
PRMY003655,HAMPTON MOBILE HOME PARK,Polk,"5425 2ND STREET, HIGHLAND CITY, FL 33846",24,08/22/2000,Approved,"HAMPTON, M NEWTON",
PRMY003662,UNCLE JOES FISH CAMP,Polk,"4535 WALK-IN-WATER RD, LAKES WALES, FL 33853",22,07/22/2021,Approved,,
PRMY003665,COUNTRY OAKS MOBILE HOME PARK,Hillsborough,"615 N WIGGINS RD, PLANT CITY, FL 33566",2,09/15/2022,Approved,,Y
PRMZ000318,EL CAMBA MOBILE HOME PARK,Polk,"1841 GEORGE JENKINS BLVD, LAKELAND, FL 33805",101,10/02/2019,Approved,,
PRMZ000327,FISHERMAN'S COVE,Pasco,"36100 DOCKSIDE PLACE, DADE CITY, FL 33525",202,08/11/2023,Approved,,
PRMZ000332,FISH HAVEN LODGE,Polk,"201 FISH HAVEN RD, AUBURNDALE, FL 33823",70,02/21/2024,Approved,,
PRMZ001865,OAKHILL VILLAGE,Hillsborough,"101 OAKHILL RIDGE RD, VALRICO, FL 33594",220,01/04/2024,Approved,OAKHILL VILLAGE INC,
PRMZ001867,LAKE FOX VILLAGE,Polk,"4950 CYPRESS GARDEN RD, WINTER HAVEN, FL 33884",77,10/15/2001,Approved,,
PRMY002946,ANNETTE TRAILER PARK,Hillsborough,"10803 ANNETTE AVE, TAMPA, FL 33612",20,01/27/2022,Approved,,
PRMY002950,PARADISE COVE MOBILE HOME PARK,Pasco,"2600 EARLENE DR, LAND O' LAKES, FL 34639",10,08/13/2007,Approved,,
PRMY002952,ROBINSON PINES MHP,Hillsborough,"4701 HWY 92 WEST, PLANT CITY, FL 33567",13,10/22/1986,Approved,"ROBINSON, T.G. & LAVERNE FAMILY PRTN LTD",Y
PRMY002959,GARLAND MOTOR COURT,Pasco,"4511 LAND-O-LAKES BOULEVARD, LAND-O-LAKES, FL 34639",12,08/22/1986,Approved,,
PRMY002961,GROCE TRAILER PARK,Hillsborough,"730 GROCE CIR, RUSKIN, FL 33570",24,05/15/2024,Approved,,
PRMY002962,BERNHARDT'S MOBILE COURT,Hillsborough,"9901 SYMMES RD, RIVERVIEW, FL 33534",13,09/26/2002,Approved,,
PRMY002995,LEDBETTERS MOBILE HOME PARK,Hillsborough,"11024 E OLD HILLSBORO, TAMPA, FL 33610",12,05/15/2024,Approved,,
PRMY003010,SUN-LAND MOBILE HOME PARK,Hillsborough,"801 W US HWY 92, SEFFNER, FL 33584",25,09/01/2006,Approved,,
PRMZ000018,ANGLER'S COVE,Polk,"944 REYNOLDS RD, LAKELAND, FL 33801",187,07/14/2023,Approved,,
PRMZ000027,BEACON HILL COLONY MOBILE HOME PARK,Polk,"1112 W BEACON RD, LAKELAND, FL 33803",201,08/30/2018,Approved,,
PRMZ000035,BANYAN TERRACE MOBILE HOME PARK,Polk,"1630 6TH ST NW, WINTER HAVEN, FL 33881",29,04/15/2020,Approved,,
PRMZ001103,SHIPP RECK HARBOR MOBILE HOME PARK,Polk,"1600 S LAKE SHIPP DR, WINTER HAVEN, FL 33880",112,10/15/2001,Approved,,
PRMZ001109,SIXTH AVENUE MOBILE HOME PARK,Pasco,"39345 SIXTH AVE E, ZEPHYRHILLS, FL 33542-6843",134,09/05/2024,Approved,,
PRMZ001111,SPANISH MAIN TRAVEL RESORT,Hillsborough,"12110 SPANISH MAIN RESORT TR, THONOTOSASSA, FL 33592",56,02/21/2017,Approved,,
PRMZ000357,FLORIDIAN MOBILE HOME PARK,Pasco,"5018 SLEIGHBELL LN, NEW PORT RICHEY, FL 34652",83,12/21/2010,Approved,,
PRMZ000363,FLORIDA CAMP INN,Polk,"1000 MAIN ST, DAVENPORT, FL 33897",32,01/07/2025,Approved,,
PRMZ000364,CYPRESS SHORES WEST MOBILE HOME PARK,Polk,"3255 WEST US HWY 92, WINTER HAVEN, FL 33881",82,04/11/2025,Approved,,
PRMZ001941,STOLL MANOR MOBILE HOME PARK,Polk,"1123 WALT WILLIAMS RD, LAKELAND, FL 33805",241,10/16/2025,Approved,,
PR7604,COACH LIGHT VILLA,Polk,"1900 S LAKE REEDY BLVD, FROSTPROOF, FL 33843",106,12/05/2024,Approved,,
PRMY003042,HOLIDAY HAVEN MOBILE HOME PARK,Pasco,"8301 NEW YORK AVE, HUDSON, FL 34667",24,02/07/2022,Approved,,
PRMY003043,S & S MOBILE HOME PARK,Pasco,"8937 KLOSS LN, HUDSON, FL 34667",5,01/03/2011,Approved,"GLESNER, KATHLEEN & ROBERT",
PRMZ000849,ANGLER'S GREEN,Polk,"10 LAKEVIEW DR, MULBERRY, FL 33860",387,09/26/2025,Approved,CHC VI LTD,
PRMZ001124,TANGLEWOOD VILLAGE ADULT MHP,Polk,"2230 TANGLEWOOD ST, LAKELAND, FL 33801",63,04/06/2020,Approved,,
PRMZ001128,CENTRAL PARK II,Polk,"1101 W COMMERCE AVE, HAINES CITY, FL 33844",128,10/10/2023,Approved,,
PRMZ001137,SUNDANCE,Pasco,"6340 SANTA FE DR, ZEPHYRHILLS, FL 33542",333,09/04/2025,Approved,,
PRMZ000861,PEDALERS POND,Polk,"1960 PEDALER'S POND BLVD, LAKE WALES, FL 33859",214,04/09/2025,Approved,,
PRMZ000873,ARBOR OAKS,Pasco,"36323 ARBOR OAKS DRIVE, ZEPHYRHILLS, FL 33541",157,11/22/2017,Approved,,
PRMZ000876,LAKELAND HARBOR,Polk,"4747 N  SR 33, LAKELAND, FL 33801",506,09/24/2018,Approved,,
PRMZ000888,COUNTRY PLACE VILLAGE,Pasco,"2601 COUNTRY PLACE BLVD, NEW PORT RICHEY, FL 34655",515,11/19/2018,Approved,,
PRMZ000893,MAGNOLIA HILL,Hillsborough,"328 MAGNOLIA HILL DRIVE, PLANT CITY, FL 33565",128,02/10/2022,Approved,,Y
PRMZ001153,GALAXY MOBILE HOME PARK,Hillsborough,"5810 W US HWY 92, PLANT CITY, FL 33566",40,05/10/2022,Approved,,Y
PRMZ001167,HIDEAWAY HILLS MOBILE HOME PARK I,Hillsborough,"11344 S US HWY 41, GIBSONTON, FL 33534",51,12/09/2019,Approved,,
PRMZ001168,COUNTRY VILLA ESTATES,Hillsborough,"1800 AMBERWOOD DR, RIVERVIEW, FL 33578",112,10/15/2001,Approved,"SEXTON, MARGORIE",
PRMZ003360,FOUR LAKES GOLF CLUB,Polk,"OLD LUCERNE ROAD, WINTER HAVEN, FL 33881",814,03/30/2018,Approved,"FOUR LAKES GOLF CLUB, LTD.",
PRMZ000061,BONNY SHORES MOBILE HOME PARK,Polk,"164 BONNY SHORES DR, LAKELAND, FL 33801",164,03/25/2025,Approved,,
PRMY003079,DUFFEY'S TRAILER PARK,Hillsborough,"3501 SAM ASTIN RD, PLANT CITY, FL 33566",23,01/03/2011,Approved,,Y
PRMY003092,SHEPHERD RETIREMENT COMMUNITY,Polk,"185 MARION PLACE, FROSTPROOF, FL 33843",23,09/14/1987,Approved,"FROSTPROOF GOSPEL CHURCH, INC.",
PRMY003136,LAKE DALE MHP,Polk,"1122 MCCAMPBELL ROAD, AUBURNDALE, FL 33823",12,04/09/2008,Approved,,
PRMY003166,ALAFIA RIVER DEVELOPMENT MHP,Hillsborough,"9810 VAUGHN ST, GIBSONTON, FL 33534",20,04/22/2008,Approved,,
PRMZ003498,OAKS AT COUNTRY WOOD,Hillsborough,"745 ARBOR ESTATES WAY, PLANT CITY, FL 33565",168,11/14/2018,Approved,,Y
PRMZ003525,TERIO'S MOBILE HOME PARK,Polk,"3520 EAST GASKIN ROAD LOT #1, BARTOW, FL 33830",40,01/30/1997,Approved,"BARROW, RICHARD MR & MRS",
PRMZ003526,RIDGE,Polk,"49473 HWY 27, DAVENPORT, FL 33897",481,10/17/2025,Approved,ROUTE 27 ASSOCIATES LTD,
PRMZ003537,SOUTHPORT SPRINGS,Pasco,"3509 SOUTHPORT SPRINGS PKWY, ZEPHYRHILLS, FL 33541",554,09/05/2024,Approved,,
PRMZ000071,MOUNT CARMEL RIDGE,Hillsborough,"113 S MOUNT CARMEL RD, BRANDON, FL 33511",211,03/24/2026,Approved,,
PRMZ000084,BAYONET POINT,Pasco,"10730 FALMOUTH CT, NEW PORT RICHEY, FL 34654",163,05/05/2026,Approved,,
PRMY002577,SUNRISE TP,Polk,"20 GRANER DRIVE, FROSTPROOF, FL 33843",12,12/11/2024,Approved,,
PRMY002580,BERT'S HIDEAWAY FISH CAMP,Polk,"2854 TINDEL CAMP RD, LAKE WALES, FL 33893",16,08/31/2012,Approved,,
PRMZ002551,SUNNY SKIES MHP,Pasco,"32704 CANTWELL DRIVE, SAN ANTONIO, FL 33576",51,07/19/2024,Approved,,
PRMZ002562,WHIDDEN MOBILE HOME AND RV PARK,Polk,"402 SATSUMA LN, FROSTPROOF, FL 33843",132,06/24/2024,Approved,,
PRMY003195,BRINKLEY STAMAT MOBILE HOME PARK,Pasco,"4331 MITCHELL RD, LAND O' LAKES, FL 34638",15,09/16/2020,Approved,,
PRMY003204,KENTWOOD MOBILE HOME PARK,Hillsborough,"4821 WILLIAMS RD, TAMPA, FL 33610",23,02/11/2026,Approved,,
PRMZ000899,WOOD DALE MOBILE HOME PARK,Pasco,"37945 BENTLEY DR, ZEPHYRHILLS, FL 33542",123,05/14/2026,Approved,,
PRMZ003635,PALM KEY VILLAGE,Polk,"48097 HWY 27, DAVENPORT, FL 33897",204,10/17/2025,Approved,53 ASSOCIATES,
PRMZ003680,HIGHLANDS AT SCOTLAND YARDS,Pasco,"9420 US 301, DADE CITY, FL 33525",350,07/22/2024,Approved,,
PRMZ003682,WINDMILL VILLAGE,Polk,"240 BAY BREEZE LOOP, DAVENPORT, FL 33897",509,05/07/2024,Approved,,
PRMZ001183,WOODLAND LAKES,Polk,"1901 HWY 17-92 WEST, HAINES CITY, FL 33844",167,11/13/2025,Approved,,
PRMZ000954,MEADOWBROOK VILLAGE,Hillsborough,"8920 SHELDON RD, TAMPA, FL 33635",257,04/22/2026,Approved,,
PRMZ001204,ROYAL OAKS MH & TRAVEL RESORT,Polk,"1012 SR 542 DUNDEE RD, DUNDEE, FL 33838",33,06/30/2012,Approved,,
PRMZ001205,SOUTHWINDS MOBILE HOME PARK,Polk,"1425 RITTER RD, LAKELAND, FL 33810",35,09/22/2022,Approved,,
PRMZ001210,ZEPHYR MOBILE HOME PARK,Pasco,"3950 DIXON ST, ZEPHYRHILLS, FL 33542",82,01/01/2005,Approved,,
PRMZ001230,TROPIC BREEZE,Pasco,"11310 US 19, PORT RICHEY, FL 34668",75,01/24/2023,Approved,,
PRMZ000113,TAMPA SUN ESTATES 6,Hillsborough,"17123 RICH-JO CIR, LUTZ, FL 33548",33,07/11/2022,Approved,,
PRMY003583,TUCK-A-WAY,Hillsborough,"301 27TH ST SE, RUSKIN, FL 33570",12,11/14/2024,Approved,,
PRMZ000052,BOB & JO TRAILER PARK,Hillsborough,"2903 W WATERS AVE, TAMPA, FL 33614",33,09/22/2006,Approved,,
PRMY002645,LAZY DAZY RETREAT,Polk,"6211 US HWY 98 N, LAKELAND, FL 33809",25,02/20/2008,Approved,,
PRMY002651,AL-LEE VILLAGE,Polk,"2105 BRUCE ST, LAKELAND, FL 33801",19,10/01/1996,Approved,,
PRMZ000638,LAUREL MOBILE HOME PARK,Polk,"18721 US HWY 27 S, LAKE WALES, FL 33853",34,02/07/2022,Approved,,
PRMZ000962,CYPRESS LAKES VILLAGE,Polk,"10000 N US HWY 98, LAKELAND, FL 33809",1457,04/25/2023,Approved,,
PRMZ000132,ALAFIA MOBILE PLAZA,Hillsborough,"11888 HWY 41 SOUTH, GIBSONTON, FL 33534",104,06/01/2018,Approved,,
PRMZ000155,CLUB WILDWOOD,Pasco,"7700 PARKWAY BLVD, HUDSON, FL 34667",478,10/17/2025,Approved,,
PRMZ000156,BAY WEST CLUB,Hillsborough,"9315 MEMORIAL HWY, TAMPA, FL 33615",380,11/04/2025,Approved,,
PRMZ000659,PALMS AT DOVER,Hillsborough,"5230 SR 60, DOVER, FL 33527",126,03/27/2020,Approved,,
PRMZ000662,LAKESHORE VILLAS,Hillsborough,"15401 LAKESHORE VILLA ST, TAMPA, FL 33613",283,04/22/2026,Approved,,
PRMZ000668,OAKVIEW LAKES INC,Polk,"300 S WASHINGTON AVE, FORT MEADE, FL 33841",188,08/26/1992,Approved,OAKVIEW LAKES INC,
PRMZ002798,OAK MEADOWS M H P,Polk,"3655 JOHNSON AVENUE, HAINES CITY, FL 33844",53,01/28/1998,Approved,,
PRMZ002804,LAKESIDE OAKS MOBILE PARK,Pasco,"36442 LAUREL LANE, DADE CITY, FL 33525",72,02/07/2022,Approved,,
PRMZ002807,ROBART'S MOBILE HOME PARK,Polk,"2000 MAINE STREET, FROSTPROOF, FL 33843",99,01/13/2004,Approved,,
PRMZ002816,EAST LAKE LANDINGS,Pasco,"18801 SKIFF DR, HUDSON, FL 34667",169,07/09/2026,Approved,EAST LAKE INVESTORS LLLP,
PRMY003276,SCAGLIONE MOBILE HOME PARK,Hillsborough,"9516 EASTFIELD RD, THONOTOSASSA, FL 33592",12,09/26/2002,Approved,,
PRMY003370,CHESTER DEES MOBILE HOME PARK,Polk,"DEES RD OFF HINSON AVE, HAINES CITY, FL 33844",21,09/24/2021,Approved,,
PRMZ000167,COTEE RIVER PARK HOMEOWNERS ASSC INC,Pasco,"5611 OAK RIDGE AVENUE, NEW PORT RICHEY, FL 34652",1,12/01/1997,Approved,,
PRMZ001242,FAIRVIEW MOBILE ESTATES INC,Pasco,"37400 CHANCEY RD, ZEPHYRHILLS, FL 33541",81,04/22/2002,Approved,"WHITE, JAMES & JOANNE",
PRMZ001244,HOLIDAY RV & MOBILE HOME PARK,Pasco,"7515 DECEMBER DR, PORT RICHEY, FL 34668",55,03/12/2021,Approved,,
PRMZ001248,KINGS POINTE,Polk,"100 WINTERDALE DR, LAKE ALFRED, FL 33850",226,03/18/2025,Approved,,
PRMZ001250,PARADISE VILLAGE MOBILE HOME PARK,Hillsborough,"9304 PARADISE DR, TAMPA, FL 33610",614,02/27/2026,Approved,,
PRMZ001270,LAKE JULIANA LANDINGS,Polk,"166 JULIANA BLVD, AUBURNDALE, FL 33823",271,09/10/2024,Approved,,
PRMZ000693,ANGLER'S COVE WEST,Polk,"944 REYNOLDS RD, LAKELAND, FL 33801",153,07/13/2023,Approved,ANGLERS COVE WEST LTD,
PRMZ000696,AVALON MOBILE HOME PARK,Hillsborough,"6205 N ROME AVE, TAMPA, FL 33604",36,07/23/2025,Approved,,
PRMZ001714,PARAKEET PARK,Polk,"2400 PARAKEET PARK BLVD, LAKE WALES, FL 33859",103,06/05/2026,Approved,,
PRMZ001724,STRAWBERRY SQUARE MHP,Hillsborough,"4401 BOOT BAY RD, PLANT CITY, FL 33567",6,11/20/2008,Approved,"STRAWBERRY SQUARE, INC. .",Y
PRMY002652,NATURES TRAIL MHP,Hillsborough,"12880 MORRIS BRIDGE ROAD, THONOTOSASSA, FL 33592",35,09/01/2006,Approved,,
PRMY002666,A-OK CAMPGROUND,Polk,"6925 THORNHILL RD, WINTER HAVEN, FL 33880",11,10/07/2020,Approved,,
PRMY002669,CRYSTAL KAY,Hillsborough,"2712 SE 14TH AVE, RUSKIN, FL 33570",24,07/16/2025,Approved,,
PRMY002704,SOUTHERN OAKS MHP,Polk,"3276 MT TABOR RD, LAKELAND, FL 33810",25,02/22/1991,Approved,,
PRMY002713,TRAILER INN COURT,Hillsborough,"8406 TAMPA STREET, TAMPA, FL 33604",30,09/25/2015,Approved,,
PRMY002721,OAKHILL MOBILE HOME PARK,Pasco,"18920 US HWY 301, DADE CITY, FL 33523",20,02/01/1996,Approved,,
PRMY003410,DUFF MEADOWS MHP,Polk,"1525 DUFF ROAD, LAKELAND, FL 33810",12,04/13/2018,Approved,,
PRMY003411,EAGLE RIDGE MHP,Polk,"2907 SHELL RD, LAKE WALES, FL 33853",19,02/10/2015,Approved,,
PRMZ001276,HIDDEN COVE WEST,Polk,"BOX 1916 LUCERNE PARK RD, WINTER HAVEN, FL 33880",243,08/13/2015,Approved,,
PRMZ001296,VILLA MARIA MOBILE HOME PARK,Hillsborough,"2510 W SHELL POINT RD, RUSKIN, FL 33570",58,12/15/2001,Approved,,
PRMZ001302,RAMBLEWOOD MOBILE HOME COMMMUNITY,Pasco,"38418 RAMBLEWOOD BLVD, ZEPHYRHILLS, FL 33541",200,07/29/2021,Approved,,
PRMZ000188,CARIBBEAN MOBILE HOME ESTATES,Pasco,"11635 TURKS DR, NEW PORT RICHEY, FL 34654",98,07/13/2026,Approved,,
PRMZ000193,COLONY CLUB MOBILE HOME ESTATES,Polk,"1501 11TH ST NE, WINTER HAVEN, FL 33881",105,03/29/2021,Approved,,
PRMZ000194,COUNTRYSIDE VILLAGE MAN HOME COMM,Hillsborough,"9601 CLUBHOUSE LANE, TAMPA, FL 33536",414,11/25/2013,Approved,,
PRMZ000195,CHULAVISTA LANDINGS,Hillsborough,"1734 WHEELHOUSE CIR, RUSKIN, FL 33570",245,03/12/2015,Approved,,
PRMZ000200,CHARLIES RETIREMENT MOBILE HOME PARK,Hillsborough,"10813 E MAIN ST, THONOTOSASSA, FL 33592",79,12/02/1994,Approved,HALASZ KAROLY (CHARLES),
PRMZ001745,OAKRIDGE MOBILE HOME PARK,Polk,"3922 VAN LANE, SEBRING, FL 33870",148,08/15/2001,Approved,GOSS JAMES C,
PRMZ001754,SANLAN RANCH MOBILE HOME PARK,Polk,"2727 SANLAN RANCH DR, LAKELAND, FL 33813",50,03/23/2017,Approved,SANLAN RANCH CAMPGROUND INC CORPORATE OFFICE,
PRMY002743,LAKEMONT RIDGE HOME & RV PARK,Polk,"2000 MAINE ST, FROSTPROOF, FL 33843",18,04/11/2007,Approved,,
PRMZ000704,LAKELAND GARDENS MHP,Polk,"3741 OLD TAMPA HWY (OFFICE), LAKELAND, FL 33811",43,07/13/2026,Approved,,
PRMZ000708,FLORIDA VILLAS MOBILE HOME PARK,Pasco,"1 PONCAN CIR HWY 301, ZEPHYRHILLS, FL 33541",60,11/03/2022,Approved,,
PRMZ000709,CAMP ROSALIE,Polk,"3000 CAMP ROSALIE RD, LAKE WALES, FL 33853",59,08/03/2026,Approved,,
PRMZ000973,ORANGE MANOR MHP WEST,Polk,"18 KINSMEN DR, WINTER HAVEN, FL 33884",92,02/01/2016,Approved,,
PRMZ000975,SHADOW WOOD VILLAGE,Pasco,"14709 SHADOW  WOOD BLVD, HUDSON, FL 34667",260,03/17/2025,Approved,,
PRMZ000985,PARADISE MOBILE HOME COURT,Hillsborough,"2201 US 41 S, RUSKIN, FL 33570",114,08/15/2001,Approved,RICKERT WAYNE C & GOSS SCHUETZ,
PRMZ000988,FLORIDA PALMS ESTATES,Polk,"1803 US 92, AUBURNDALE, FL 33823",40,09/18/2024,Approved,,
PRMZ000999,VILLAS AT SILVER DOLLAR,Pasco,"17000 PATTERSON ROAD, ODESSA, FL 33556",225,11/27/2018,Approved,,
PRMZ001002,SPRING LAKE PARK,Polk,"3731 E ST RD 60, LAKE WALES, FL 33853",31,08/01/2023,Approved,,
PRMZ001004,MOCKINGBIRD MHP,Pasco,"38018 WREN RD, ZEPHYRHILLS, FL 33540",83,08/15/2001,Approved,,
PRMZ000206,CENTRAL LEISURE LK MH & RV PARK,Polk,"1095 HWY 92 W, AUBURNDALE, FL 33823",80,10/05/2015,Approved,,
PRMZ000718,BEACON TERRACE,Polk,"2425 HARDEN BLVD, LAKELAND, FL 33803",297,09/14/2018,Approved,,
PRMZ000727,HAWAIIAN ISLES TRAVEL RESORTS,Hillsborough,"4054 ALOHA BLVD, RUSKIN, FL 33570",135,10/27/2020,Approved,,
PRMZ000736,MAY GROVE VILLAGE,Polk,"1725 GIBSONIA GALLOWAY RD, LAKELAND, FL 33810",81,08/15/2001,Approved,,
PRMZ000741,STERLING MOBILE HOME PARK,Polk,"7 BRIDGE BLVD, LAKELAND, FL 33815",340,01/18/2023,Approved,,
PRMZ001018,SHADY REST MOBILE HOME PARK,Pasco,"37836 8TH AVE W, ZEPHYRHILLS, FL 33541",60,11/29/2018,Approved,,
PRMZ001033,PINECREST MOBILE HOME PARK,Pasco,"6043 HARRIET ST, ZEPHYRHILLS, FL 33542",134,09/05/2023,Approved,,
PRMZ001035,PLEASANT VIEW MOBILE HOME PARK,Polk,"2251 FORT MEADE RD CR 630 W, FROSTPROOF, FL 33843",35,03/05/1997,Approved,"PLEASANT VIEW MOBILE HOME PARK, INC.",
PRMZ001311,WHISPERING PINES MANUFACTURED HOME COMMUNITY,Polk,"101 SUNSHINE DR, FROSTPROOF, FL 33843",198,10/03/2013,Approved,"RICKERT, WAYNE, RICKERT, ALLAN, GOSS, JAMES PARTNERS",
PRMZ001325,ORANGE MANOR MHP EAST,Polk,"206 ORANGE MANOR DR, WINTER HAVEN, FL 33884",205,08/27/2019,Approved,,
PRMZ001331,NEPTUNE MOBILE VILLAGE,Hillsborough,"2525 GULF CITY RD # 1, RUSKIN, FL 33570-2771",159,04/30/2018,Approved,,
PRMZ001332,WINWARD LAKES MOBILE HOME PARK,Hillsborough,"6220 S DALE MABRY HWY, TAMPA, FL 33611",213,09/30/2021,Approved,,
PRMZ001341,WINTERS MOBILE HOME PARK,Pasco,"38022 WINTER DR, ZEPHYRHILLS, FL 33542",247,03/24/2026,Approved,,
PRMZ001342,TREE LANE VILLAGE,Pasco,"5729 DAYTON ST, ZEPHYRHILLS, FL 33542",185,08/15/2001,Approved,,
PRMZ001352,WINTERSET SHORES ESTATES,Polk,"SR 540-A 19-B HUMMINGBIRD LN, WINTER HAVEN, FL 33880",42,06/03/2025,Approved,,
PRMY001882,OAK HAVEN,Hillsborough,"5233 PINE ST, SEFFNER, FL 33584",11,12/31/1984,Approved,,
PRMY001908,LAKE JULIANA BOATING AND LODGING,Polk,"600 LUNDY RD, AUBURNDALE, FL 33823",11,11/14/2025,Approved,,
PRMY001919,GIFFORD MHP,Polk,"2615 TANGLEWOOD ST, LAKELAND, FL 33801",20,09/04/2012,Approved,,
PRMZ001769,RANCH OAKS MOBILE HOME PARK,Hillsborough,"11940 US HWY 301 NORTH LOT 11, THONOTOSASSA, FL 33637",83,08/15/2001,Approved,,
PRMZ001779,WESTSIDE RIDGE,Polk,"911 WESTSIDE RIDGE BLVD, AUBURNDALE, FL 33823",225,07/15/2025,Approved,,
PRMY002772,ALAFIA OAKS MOBILE HOME PARK,Hillsborough,"8406 HENRY GEORGE RD, PLANT CITY, FL 33567",25,10/17/2017,Approved,,Y
PRMY002791,CAPTAIN'S LANDING MHP,Hillsborough,"105 21ST NW, RUSKIN, FL 33570",25,09/04/1987,Approved,,
PRMZ002882,CYPRESS GREENS,Polk,"1000 CYPRESS CREEK BLVD, LAKE ALFRED, FL 33850",262,02/20/2025,Approved,,
PRMZ002921,LAKE CLINCH MANOR,Polk,"14 LAKE ST, FROSTPROOF, FL 33843",33,09/08/2015,Approved,,
PRMY001934,MANNINGS MHP,Hillsborough,"6403 CR 579, SEFFNER, FL 33584",12,10/07/1986,Approved,"MANNING, JERRY & PATRICIA",
PRMZ000231,CAMP TIGER FISH CAMP,Polk,"1731 SAM KEENE RD, LAKE WALES, FL 33898",45,12/11/1989,Approved,,
PRMZ000233,CAMELOT MOBILE HOME PARK,Hillsborough,"11611 SIR LAWRENCE CT, THONOTOSASSA, FL 33592",119,11/13/2025,Approved,,
PRMZ001802,PINE LAKE MOBILE HOME PARK,Polk,"7805 US 98 N, LAKELAND, FL 33809",30,10/12/2023,Approved,,
PRMZ001805,LAKE ALFRED MOBILE HOME PARK,Polk,"670 EAST ALFRED DRIVE, LAKE ALFRED, FL 33850",84,08/18/2008,Approved,,
PRMZ001816,GRAPE HAMMOCK TP,Polk,"1400 GRAPE HAMMOCK RD, LAKE WALES, FL 33853",37,03/13/2007,Approved,GRAPE HAMMOCK FISH CAMP INC,
PRMZ001827,CYPRESS SHORES EAST MOBILE HOME PARK,Polk,"3275 WEST US 92, WINTER HAVEN, FL 33881",122,04/10/2025,Approved,,
PRMZ001829,CENTRAL MHP NORTH,Hillsborough,"9702 N CENTRAL, TAMPA, FL 33612",63,08/23/2004,Approved,,
PRMY002833,ORANGE GROVE MOBILE HOME PARK,Hillsborough,"916 N PARSONS AVE, SEFFNER, FL 33584",14,07/09/2004,Approved,,
PRMY002834,EELWEKS,Hillsborough,"9910 SKEWLEE RD, THONOTOSASSA, FL 33592",13,09/20/1988,Approved,,
PRMY002835,SERENE MH COURT,Polk,"2412 BROADWAY ST, LAKELAND, FL 33801",11,03/06/2015,Approved,,
PRMY002850,PROCTORS MOBILE HOME PARK #1,Polk,"1111 HW 17 & 92 N, DAVENPORT, FL 33837",0,08/28/2015,Approved,PROCTOR HAROLD,
PRMY002870,BRITT'S M H P,Hillsborough,"3125 WEST HILLSBOROUGH, TAMPA, FL 33614",8,08/13/2013,Approved,,
PRMZ003026,LAKE HAMMOCK VILLAGE,Polk,"36106 U.S. HWY 27, HAINES CITY, FL 33844",214,04/29/2009,Approved,,
PRMZ003069,CYPRESS KNEE COVE MOBILE HOME PARK,Polk,"3300 CANAL RD, LAKE WALES, FL 33898",32,04/01/2026,Approved,,
PRMZ003085,CRAWFORD'S 3B'S MHP,Hillsborough,"4202 W HOLLOWAY RD, PLANT CITY, FL 33567",29,07/30/2008,Approved,,Y
PRMZ000257,COLONIAL MOBILE HOME VILLAGE,Polk,"745 PINEWOOD AVE, LAKELAND, FL 33815",104,03/19/2026,Approved,,
PRMZ000265,CASA VERDE MANUFACTURED HOME COMMUNITY,Hillsborough,"102 MAGNOLIA LN, TAMPA, FL 33610",384,11/13/2024,Approved,,
PRMZ000286,DELL LAKE VILLAGE,Polk,"213 FREDRICK AVENUE, DUNDEE, FL 33838",234,02/05/2007,Approved,,
PRMY002908,B & W MOBILE HOME PARK,Hillsborough,"9722 E US 92, TAMPA, FL 33610",13,10/09/2008,Approved,,
PRMZ000765,KINGS AND QUEENS MOBILE HOME PARK,Polk,"2808 N FLORIDA AVE, LAKELAND, FL 33805",108,09/21/2018,Approved,,
PRMZ000766,LAKELAND ESTATES MOBILE HOME COMMUNITY,Polk,"224 TYLER AVE, LAKELAND, FL 33801",100,07/29/2016,Approved,,
PRMZ001044,PLEASANT LIVING MOBILE HOME PARK,Hillsborough,"10502 PLEASANT BLVD, RIVERVIEW, FL 33569",245,04/27/2023,Approved,,
PRMZ001067,OSCEOLA MHP,Pasco,"9821 HOPI LN, NEW PORT RICHEY, FL 34654",65,10/02/1989,Approved,"GORDON, GARY L",
PRMZ000302,TRANQUIL ACRES MOBILE HOME ESTATES,Polk,"70 AVE E N, AUBURNDALE, FL 33823",154,01/06/2025,Approved,,
PRMZ001377,ROYAL PALM VILLAGE,Polk,"3000 US 17-92 W, HAINES CITY, FL 33844",396,02/03/2025,Approved,,
PRMZ001385,THREE LAKES MOBILE HOME PARK,Hillsborough,"9800 SHELDON RD, TAMPA, FL 33635",545,07/15/2025,Approved,,
PRMZ001389,SUNRISE MOBILE HOME PARK,Hillsborough,"18118 US SERVICE RD, LUTZ, FL 33548",168,04/11/2024,Approved,,
PRMY001937,SABLE PALMS MHP,Polk,"4230 HWY 60, MULBERRY, FL 33860",20,11/24/2010,Approved,,
PRMY001951,LAKE THOMAS MOBILE HOME PARK,Pasco,"5235 VILLAGE LN, LAND O' LAKES, FL 34638",14,08/30/2021,Approved,,
PRMY001959,COUNTRY GROVE MOBILE HOME PARK,Hillsborough,"10730 SKEWLEE RD, THONOTOSASSA, FL 33592",14,08/30/2021,Approved,,
PRMY001968,OPPORTUNITY VILLA,Polk,"6025 NEW TAMPA HWY, LAKELAND, FL 33811",10,10/05/2021,Approved,,
PRMY001980,DICKSON MOBILE HOME PARK #2,Hillsborough,"12885 N FLORIDA AVE, TAMPA, FL 33612",13,09/09/2020,Approved,,
PRMZ000793,JENNINGS RESORT INC MOBILE HOME PARK,Polk,"4325 JENNINGS FISH CAMP RD, LAKE WALES, FL 33898",66,01/28/2010,Approved,"JENNINGS RESORT, INC.",
PRMZ000803,PINE RIDGE ESTATES,Polk,"7405 N SOCRUM LOOP RD, LAKELAND, FL 33809",105,06/29/2022,Approved,,
PRMZ000804,CAREFREE VILLAGE MOBILE HOME PARK,Hillsborough,"8000 SHELDON RD, TAMPA, FL 33615",408,09/06/2018,Approved,,
PRMZ003148,PARADISE LAKES MOBILE HOME PARK,Polk,"3900 SR 37 N, MULBERRY, FL 33860",265,11/30/2023,Approved,,
PRMZ003181,MEADOWBROOK,Polk,"3801 NEW TAMPA HWY, LAKELAND, FL 33815",215,12/15/2022,Approved,,
PRMY003607,KOZY ACRES RV PARK,Pasco,"8106 N HWY 301, ZEPHYRHILLS, FL 33541",19,08/31/2000,Approved,AUGUSTE GOODWAN/CHRISTIAN ROBIN,
PRMZ001417,SUNNYSIDE MHP,Pasco,"5028 FISHER ST, ZEPHYRHILLS, FL 33542",208,08/15/2001,Approved,,
PRMZ001422,LAZY ACRES MOBILE HOME PARK,Hillsborough,"14011 NEBRASKA AVE, TAMPA, FL 33613",28,07/22/2021,Approved,,
PRMZ001426,OAK HARBOR MOBILE HOME PARK,Polk,"10000 W LAKE LOWERY RD, HAINES CITY, FL 33844",73,05/10/2023,Approved,,
PRMY001983,BRANTLEY'S MOBILE HOME PARK,Hillsborough,"9721 CR RD 39 S, LITHIA, FL 33547",12,03/18/2020,Approved,,
PRMY001999,PLEASANT RIDGE MHP,Polk,"330 BRACEY ROAD, LAKELAND, FL 33809",24,10/02/2013,Approved,,
PRMZ000304,EASTWOOD ESTATES,Hillsborough,"12130 U S 41 SOUTH, GIBSONTON, FL 33534",160,02/26/2020,Approved,,
PRMZ003235,WALDEN SHORES,Polk,"2204 THOREAU DR, LAKE WALES, FL 33898",222,09/04/2020,Approved,,
PRMZ000538,HOLIDAY MOBILE HOME PARK,Polk,"4141 NEW TAMPA HWY, LAKELAND, FL 33815",214,04/29/2025,Approved,,
PRMZ001062,SWISS VILLAGE,Polk,"366 ALPINE DR, WINTER HAVEN, FL 33881",381,03/03/2015,Approved,CHC III LTD.,
PRMZ003278,GLEN HAVEN RV & MHP,Pasco,"37251 CHANCEY RD, ZEPHYRHILLS, FL 33541",52,12/11/2024,Approved,,
PR7636,PINE GROVE ESTATES,Polk,"2245 NEW TAMPA HWY, LAKELAND, FL 33815",31,11/22/2024,Approved,,
PRMY003109,SASNETT PALMS MOBILE HOME PARK,Hillsborough,"10740 SKEWLEE RD, THONOTOSASSA, FL 33592",13,07/02/2021,Approved,,
PRMY003128,CAMP LESTER,Polk,"14400 RESSE DRIVE, LAKE WALES, FL 33853",22,01/01/2004,Approved,"COSCE, LEO & JOANNE",
PRMY003135,NASRALLAH MHP,Hillsborough,"8601 E SLIGH AVE, TAMPA, FL 33610",12,09/10/1987,Approved,"NASRALLAH, RICHARD",
PRMY003279,SUNSHINE TRAILER PARK,Hillsborough,"5302 GLEN HARWELL ROAD, PLANT CITY, FL 33567",20,10/14/1993,Approved,"SPEER, WAYNE AND CATHERINE",Y
PRMY003350,TYER'S MOBILE RANCH #2,Pasco,"20401 US 301, TRILBY, FL 33593",6,03/11/2015,Approved,,
PRMZ003066,ALAFIA RIVERFRONT,Hillsborough,"7801 RIVERVIEW DR, RIVERVIEW, FL 33578",96,12/14/2023,Approved,,
PRMZ003203,SOUTHERN PINES RV & MH RESORT,Polk,"1622 COUNTY ROAD 630 WEST, FROSTPROOF, FL 33843",99,01/31/2002,Approved,,
PRMZ003087,ANCLOTE ACRES MOBILE HOME PARK,Pasco,"1210 CALVARY RD, HOLIDAY, FL 34691",38,09/18/2025,Approved,,
PRMZ000964,TEN ROCKS MOBILE HOME PARK,Polk,"3925 COMBEE RD N, LAKELAND, FL 33805-7617",36,06/10/2022,Approved,,
PRMZ000989,MEADOWS AT COUNTRYWOOD,Hillsborough,"745 ARBOR ESTATES WAY, PLANT CITY, FL 33565",736,10/31/2018,Approved,,Y
PRMZ002918,ROSE LAKE ESTATES MOBILE HOME PARK,Hillsborough,"14530 N FLORIDA AVE, TAMPA, FL 33613",213,04/12/2024,Approved,,
PRMZ003052,WINDING CREEK MOBILE HOME PARK,Hillsborough,"12420 N FLORIDA AVE, TAMPA, FL 33612",77,07/08/2020,Approved,,
PRMZ000459,HAINES CITY MOBILE HOME & RV PARK,Polk,"753 W MAIN ST OFFICE, HAINES CITY, FL 33844",192,01/27/2026,Approved,,
PRMZ000618,LAKE REGION MOBILE HOME VILLAGE,Polk,"31850 US 27 S, HAINES CITY, FL 33844",75,07/27/2012,Approved,,
PRMZ000653,MADISON LANE ESTATES,Hillsborough,"5353 MADISON LAKE CIR, TAMPA, FL 33619",127,02/08/2006,Approved,,
PRMZ000682,ARIANA VILLAGE,Polk,"1625 ARIANA ST, LAKELAND, FL 33803",210,06/10/2025,Approved,,
PRMZ000703,LAKELAND JUNCTION,Polk,"202 E GRIFFIN RD, LAKELAND, FL 33805",194,09/26/2018,Approved,,
PRMZ000706,PARADISE PALMS,Polk,"3710 OLD TAMPA HWY, LAKELAND, FL 33811",50,07/17/2025,Approved,,
PRMZ000802,LAKESIDE GARDENS MOBILE HOME PARK,Polk,"5301 US HWY 27 S, LAKE WALES, FL 33853",54,05/11/2022,Approved,,
PRMZ000853,CARIBBEAN ISLES RESIDENTIAL COOPERATIVE,Hillsborough,"405 ELSBERRY RD, APOLLO BEACH, FL 33572",22,07/24/2024,Approved,,
PRMZ001200,TOWERWOOD,Polk,"597 TOWERWOOD BLVD, LAKE WALES, FL 33859",330,05/14/2026,Approved,,
PRMZ001245,IMPERIAL COURTS MOBILE HOME PARK,Pasco,"5129 SANDPIPER DR, NEW PORT RICHEY, FL 34652",84,06/23/2021,Approved,,
PRMZ001376,LAKE WALES MOBILE HOME PARK,Polk,"705 N SCENIC HWY, LAKE WALES, FL 33853-2600",47,02/06/2026,Approved,,
PRMZ001447,FORT MEADE ESTATES,Polk,"1046 2ND ST SE, FORT MEADE, FL 33841",247,06/06/2024,Approved,,
PRMZ001630,SHADY ACRES MHP & RV PARK,Pasco,"14417 US 19, HUDSON, FL 34667",72,06/12/2002,Approved,SHADY ACRES MHP & RV PARK FLA GENERAL PARTNERSHIP,
PRMZ001632,GLEN OAKS MOBILE HOME PARK,Hillsborough,"12428 N FLORIDA AVE, TAMPA, FL 33612",43,02/06/2020,Approved,,
PRMZ001781,AUBURNDALE ESTATES,Polk,"2604 SADDLE CREEK RD, AUBURNDALE, FL 33823",124,08/23/2023,Approved,,
PRMZ001843,VALENCIA MOBILE HOME PARK,Polk,"226 S WASHINGTON AVE, FORT MEADE, FL 33841",95,12/17/2015,Approved,,
PRMZ000335,FOUNTAINVIEW ESTATES MOBILE HOME PARK,Hillsborough,"8800 BERKSHIRE LN, TAMPA, FL 33635",546,09/15/2025,Approved,,
PRMZ000417,GREENBRIER MOBILE HOME PARK,Polk,"2120 DUFF RD, LAKELAND, FL 33810",141,11/10/2020,Approved,,
PRMY002055,LINWOOD OAKS,Polk,"111 WEST CARTER ROAD, LAKELAND, FL 33813",21,02/07/2022,Approved,,
PRMY002060,DAN'S MHP,Polk,"US 27 S DAN'S CIR, LAKE WALES, FL 33853",12,07/21/2010,Approved,,
PRMY002191,CAULEY'S MHP,Polk,"3731 OLD TAMPA HWY, LAKELAND, FL 33811",20,09/21/2000,Approved,,
PRMY002741,WIGWAM MOBILE HOME PARK/RVP,Hillsborough,"9102 WILLIAMS RD, SEFFNER, FL 33584",11,11/02/1989,Approved,,
PRMY002836,SANDY'S MHP,Hillsborough,"9920 SKEWLEE RD, THONOTOSASSA, FL 33592",13,09/20/1988,Approved,,
PR7533,VALRICO HILLS MOBILE HOME PARK,Hillsborough,"3942 E STATE ROAD 60, DOVER, FL 33527",38,06/07/2022,Approved,,
PR7575,SHADY OAKS MOBILE HOME PARK,Polk,"3245 E MAIN ST, LAKELAND, FL 33801",30,11/18/2022,Approved,,
PRMY003094,SHIPP SIDE MHP,Polk,"1849 7TH ST SW, WINTER HAVEN, FL 33880",19,02/01/1999,Approved,,
PRMY003596,SHAMSI MOBILE HOME PARK,Hillsborough,"11219 MCMULLEN RD, RIVERVIEW, FL 33569",11,08/25/2009,Approved,,
PRMZ000074,BRIARWOOD ESTATES MOBILE HOME COMMUNITY,Polk,"5310 DEESON RD, LAKELAND, FL 33809",19,07/10/2006,Approved,,
PRMZ000150,COUNTRY VILLAGE MOBILE HOME PARK,Pasco,"10532 BECOMING DR, HUDSON, FL 34667",74,04/12/2013,Approved,,
PRMZ000162,PLANTATION OAKS MOBILE HOME PARK-SECTION B,Hillsborough,"143 ALAFARA ST, SEFFNER, FL 33584",101,12/04/2024,Approved,,
PRMZ000196,CHRISTMAS TREE TRAILER PARK,Polk,"2400 HUTCHINS RD, FT. MEADE, FL 33841",99,10/11/1993,Approved,,
PRMZ000294,NORTH ROME MHP,Hillsborough,"6700 N ROME AVE, TAMPA, FL 33604",82,07/28/2017,Approved,,
PRMZ001907,BREEZEWOOD MHP,Hillsborough,"1701 SKIPPER RD, TAMPA, FL 33613",52,07/19/2004,Approved,,
PRMZ002148,PARKWOOD ESTATES,Hillsborough,"4000 US HIGHWAY 92 EAST, PLANT CITY, FL 33566",213,12/07/2023,Approved,,Y
PRMY001996,LAKE MATTIE MHP,Polk,"563 CONE ROAD, AUBURNDALE, FL 33823",15,01/26/2026,Approved,,
PRMY001998,OAK TREE,Hillsborough,"1920 151ST AVE, LUTZ, FL 33549",12,06/20/2025,Approved,,
PRMY003186,BREWER & SONS RENTALS,Hillsborough,"7026 NUNDY AVE, GIBSONTON, FL 33534",4,10/01/2002,Approved,"BREWER, INA",
PRMZ000889,LAKEFRONT TRAILER PARK,Polk,"FORT MEADE ROAD, FROSTPROOF, FL 33843",40,08/26/2010,Approved,,
PRMZ002387,MAS VERDE MOBILE HOME ESTATES,Polk,"2600 HARDEN BLVD, LAKELAND, FL 33803",403,11/04/2025,Approved,,
PRMZ000191,COLONY COVE MOBILE HOME PARK,Pasco,"5229 RUBBER TREE CIR, NEW PORT RICHEY, FL 34653",140,12/07/2010,Approved,,
PRMY003267,SELF'S MOBILE HOME PARK,Hillsborough,"4262 CASTLEWOOD DRIVE, SEFFNER, FL 33584",21,01/03/2011,Approved,,
PRMZ000280,WINTER HAVEN OAKS,Polk,"5248 SPIRIT LAKE RD, WINTER HAVEN, FL 33880",344,07/19/2018,Approved,,
PRMZ000995,SWISS GOLF & TENNIS CLUB,Polk,"1 CENTURY DR, WINTER HAVEN, FL 33881",612,02/27/2015,Approved,CHC VII LTD,
PR7291,ARROW WOOD MOBILE HOME PARK,Polk,"3305 SKYVIEW DR, LAKELAND, FL 33801",23,04/02/2008,Approved,,
PRMZ000083,BLUE JAY MOBILE HOME PARK,Pasco,"38511 WILDS RD, DADE CITY, FL 33525",206,01/17/2017,Approved,,
PRMY002761,KENNARD'S MOBILE HOME PARK,Polk,"3800 HWY 17/92 W, HAINES CITY, FL 33844",18,06/22/2009,Approved,,
PRMZ003549,TERRACE CROSSINGS,Hillsborough,"9901 E FOWLER AVE, THONOTOSASSA, FL 33903",65,02/06/2026,Approved,,
PRMZ000120,MOUSE MOUNTAIN MOBILE HOME PARK,Polk,"7500 OSCEOLA POLK LINE RD, DAVENPORT, FL 33837",43,02/10/2022,Approved,,
PRMZ001112,SIESTA MOBILE HOME COURT,Hillsborough,"14714 N FLORIDA AVE, TAMPA, FL 33613",73,11/20/2008,Approved,,
PRMZ000740,LAKE BONNY MOBILE HOME PARK,Polk,"30 BONISEE CIR, LAKELAND, FL 33801",106,05/11/2026,Approved,,
PRMZ001697,PALM BREEZE ESTATE,Polk,"4535 US HWY 92 E, LAKELAND, FL 33801",32,01/07/2026,Approved,,
PRMY003591,NEW HARMONY MHP,Polk,"3120 HWY 27 SOUTH, LAKE WALES, FL 33853",23,01/03/2011,Approved,"FISHER, LINDA",
PRMZ001116,SUNCOAST GATEWAY,Pasco,"6010 RIDGE RD, NEW PORT RICHEY, FL 34668",174,06/23/2025,Approved,,
PRMY003659,SUNNYSIDE MOBILE HOME PARK,Polk,"2317 N US HWY 27, DAVENPORT, FL 33837",17,03/29/2018,Approved,,
PRMZ000560,KEENES ADULT MHP,Pasco,"12301 CARL LOOP, DADE CITY, FL 33525",37,10/10/1990,Approved,,
PRMZ000384,GARDEN MOBILE VILLAGE,Polk,"2040 15TH ST SW, WINTER HAVEN, FL 33880",67,11/08/2011,Approved,"PETERMAN, PHYLLIS",
PRMZ001219,SLEEPY HOLLOW MOBILE ESTATES,Pasco,"6616 WIRE RD, ZEPHYRHILLS, FL 33542",39,10/17/2022,Approved,,
PRMZ000351,FOUNTAINVIEW ESTATES,Polk,"600 FOUNTAINVIEW S, LAKELAND, FL 33809",197,03/07/2025,Approved,,
PRMZ000497,HARTS PARK,Hillsborough,"1209 RIVER DR SW, RUSKIN, FL 33570",31,09/06/1994,Approved,,
PRMZ000584,LAKE KISSIMMEE MHP,Polk,"CAMP LESTER RD, LAKE WALES, FL 33853",71,09/19/2011,Approved,,
PRMZ001719,SPEER MHP,Hillsborough,"1955 BRANCH FORBES RD, PLANT CITY, FL 33565",114,08/22/2011,Approved,,Y
PRMZ001696,PEACE RIVER VILLAGE,Polk,"2405 E STATE RD 60, BARTOW, FL 33830",88,08/22/2023,Approved,,
PRMZ000425,SCHALAMAR CREEK GOLF & COUNTRY CLUB COMM,Polk,"4500 US HWY 92 EAST 1030, LAKELAND, FL 33801",795,11/20/2025,Approved,,
PRMZ001803,SUNSHINE VILLAGE MOBILE HOME COMMUNITY,Polk,"1234 REYNOLDS RD, LAKELAND, FL 33801",303,12/10/2025,Approved,,
PRMY002712,TWIN PALMS COURT,Hillsborough,"11520 US 92 E BOX D-4, SEFFNER, FL 33584",3,03/22/2016,Approved,,
PRMZ000467,OAKS OF THONOTOSASSA THE,Hillsborough,"10321 MAIN ST, THONOTOSASSA, FL 33592-8327",190,02/20/2026,Approved,,
PRMZ000502,HI-PINES MOBILE HOME PARK,Hillsborough,"12224 N FLORIDA AVE, TAMPA, FL 33612",62,09/18/2017,Approved,,
PRMZ002556,CRYSTAL LAKE MOBILE HOME COMMUNITY,Pasco,"4604 LAKE CRYSTAL BLVD, ZEPHYRHILLS, FL 33541",519,04/07/2022,Approved,,
PRMY002622,CROWELLS MHP,Hillsborough,"6704 RIVERVIEW DR, RIVERVIEW, FL 33569",13,09/30/2001,Approved,,
PRMZ000927,SPANISH TRAILS WEST,Pasco,"7142 PISCINA ST, ZEPHYRHILLS, FL 33541",34,12/05/2025,Approved,,
PRMZ000691,STRAWBERRY RIDGE,Hillsborough,"4419 SR 60, VALRICO, FL 33594",373,05/15/2023,Approved,,
PRMZ001182,VALENCIA EST MOBILE HOME PARK,Polk,"3325 US HWY 98 S, LAKELAND, FL 33803",86,06/23/2014,Approved,,
PRMZ000728,BRENTWOOD ESTATES,Pasco,"9920 PRINCESS LN, HUDSON, FL 34667",194,10/17/2025,Approved,,
PRMZ001063,CHALET VILLAGE,Hillsborough,"14622 N NEBRASKA AVE, TAMPA, FL 33613",60,07/24/2026,Approved,,
PRMZ000365,FEATHEROCK MOBILE HOME PARK,Hillsborough,"2200 HWY 60 E, VALRICO, FL 33594",522,10/06/2020,Approved,,
PRMZ000781,LITTLE MANATEE ISLES,Hillsborough,"1177 PRIMROSE PEAK DR, RUSKIN, FL 33570",167,03/23/2026,Approved,,
PRMZ001832,RIVIERA MOBILE HOME PARK,Hillsborough,"1015 NEPTUNE DR, RUSKIN, FL 33570",30,07/25/2019,Approved,,
PRMZ000661,BARTOW MOBILE HOME PARK,Polk,"1510 E GEORGIA ST, BARTOW, FL 33830",84,05/14/2026,Approved,,
PRMZ000465,HACIENDA VILLAGE,Pasco,"7107 GIBRALTAR AVE, NEW PORT RICHEY, FL 34653",506,09/05/2024,Approved,,
PRMZ001703,JOHNNY'S MOBILE HOME CORP,Hillsborough,"203 E LINEBAUGH AVE, TAMPA, FL 33612",92,11/05/2001,Approved,,
PRMZ000189,CITRUS CENTER COLONY,Polk,"1111 W BEACON RD, LAKELAND, FL 33803",228,05/11/2026,Approved,,
PRMZ001587,RIVERWALK VILLAGE MOBILE HOME PARK,Hillsborough,"8518 GIBSONTON DR, GIBSONTON, FL 33534",176,02/24/2026,Approved,,
PRMZ001742,COUNTRY AIRE ESTATES MOBILE HOME PARK,Pasco,"38130 MCDONALD ST, DADE CITY, FL 33525",120,10/01/2025,Approved,,
PRMY002844,HAMMONDELL CAMPSITES,Polk,"5601 CYPRESS GARDENS ROAD, WINTER HAVEN, FL 33884",23,06/30/2006,Approved,,
PRMZ003197,RAMBLEWOOD VILLAGE MH COMMUNITY,Pasco,"38210 VINSON AVE, ZEPHYRHILLS, FL 33542",154,10/29/2001,Approved,"HEILER, ALFRED",
PRMZ000360,FOXWOOD VILLAGE,Polk,"4700 FOXWOOD BLVD, LAKELAND, FL 33810",352,11/05/2024,Approved,,
PRMZ000015,ARIPEKA WEST MOBILE HOME PARK,Pasco,"9230 ELMIRA AVE, ARIPEKA, FL 34679",120,04/04/2008,Approved,,
PRMZ001628,LIVINGSTON MOBILE HOME PARK,Hillsborough,"15812 LIVINGSTON AVE, LUTZ, FL 33549",65,05/15/2017,Approved,,
PRMZ001069,ORANGEWOOD LAKES MH COMM,Pasco,"7850 OLDFIELD RD, NEW PORT RICHEY, FL 34653",251,10/29/2001,Approved,"HEILER, ALFRED- TRUSTEE",
PRMZ000745,LAKE BLUE MOBILE HOME PARK,Polk,"713 ROSE ST, AUBURNDALE, FL 33823",102,02/07/2022,Approved,,
PRMZ000731,MAY MANOR MOBILE HOME PARK,Polk,"340 BRUNNELL PKWY, LAKELAND, FL 33815",297,02/10/2022,Approved,,
PRMZ000575,LITTLE MANATEE SPRINGS MOBILE HOME PARK,Hillsborough,"4337 HAMLIN WAY, WIMAUMA, FL 33598",265,06/12/2026,Approved,,
PRMY002916,CHERRY POCKET FISH CAMP,Polk,"3100 CANAL RD LOT 17, LAKE WALES, FL 33843",22,12/20/2019,Approved,,
PRMZ001639,LANDINGS AT LAKE HENRY,Polk,"23 O'HARA DR, HAINES CITY, FL 33844",395,07/11/2025,Approved,,
PRMZ001686,KISSIMMEE SOUTH,Polk,"3700 US HWY 17-92 N, DAVENPORT, FL 33837",127,10/12/2023,Approved,,
PRMY002025,MELODY ACRES MOBILE HOME PARK 2,Polk,"5270 NEW TAMPA HWY, LAKELAND, FL 33815",19,04/06/2020,Approved,,
PRMZ002069,ENCHANTED GROVE MOBILE HOME & RV PARK,Polk,"5137 NORTH SCENIC HIGHWAY, LAKE WALES, FL 33853",120,07/01/2016,Approved,,
PRMZ003554,RAINBOW RESORT RV & MOBILE HOME PARK,Polk,"700 HWY 630A, FROSTPROOF, FL 33843",37,08/22/2023,Approved,,
PRMZ001556,CHAPMAN'S MOBILE HOME PARK,Polk,"5600 NEW TAMPA HWY, LAKELAND, FL 33815",76,03/09/2020,Approved,,
PRMZ002904,LAND SOUTH COUNTRY VILLAS,Polk,"5435 LEWELLYN RD, LAKELAND, FL 33810",45,07/15/2020,Approved,,
PRMZ001614,FLORIDA HOLINESS CAMP GROUND,Polk,"3335 S FLORIDA AVE, LAKELAND, FL 33803",101,12/12/1988,Approved,"FLORIDA HOLINESS CAMPGROUND, INC.",
PRMZ001679,RIVERBEND MOBILE VILLAGE,Pasco,"5330 GREEN KEY RD, NEW PORT RICHEY, FL 34652",90,10/15/2001,Approved,,
PRMZ001329,RIVERSIDE MOBILE HOME PARK,Hillsborough,"1501 SUSIE CIRCLE, RUSKIN, FL 33570",51,01/28/2002,Approved,,
PRMZ000158,CHELETTE MANOR,Polk,"2300 E STATE RD 60, LAKE WALES, FL 33853",64,06/27/2007,Approved,,
PRMZ003248,SOUTHFORK MOBILE HOME COMMUNITY,Pasco,"10808 US 98 SOUTH, DADE CITY, FL 33525",241,06/16/2016,Approved,"HEILER, ALFRED (TRUSTEE)",
PRMZ000051,SUN VISTA MOBILE HOME PARK,Polk,"900 OHLINGER RD, BABSON PARK, FL 33827",60,08/17/2026,Approved,,
PRMZ002919,HICKORY LAKE ESTATES,Polk,"1640 S SCENIC HWY, FROSTPROOF, FL 33843",142,08/18/2026,Approved,,
PR9792,ST JOSEPH'S MHP,Hillsborough,"5233 PINE STREET, SEFFNER, FL 33586",13,09/23/2004,Approved,,
PR9803,CYPRESS CREEK VILLAGE,Polk,"117 MONTEREY CYPRESS BLVD, WINTER HAVEN, FL 33881",552,01/20/2026,Approved,CRF III LTD,
PR9808,ROCKY CREEK VILLAGE,Hillsborough,"8400 W WATERS AVE, TAMPA, FL 33615",160,08/18/2016,Approved,ROCKY CREEK RETIREMENT PROPERTIES INC,
PR9817,RESERVE AT GRAND VALLEY,Pasco,"7306 OSTEEN RD, NEW PORT RICHEY, FL 34653",37,05/20/2026,Approved,,
PR9821,CLYDE'S COTTAGES,Pasco,"3927 CRYSTAL SPRINGS RD, ZEPHYRHILLS, FL 33541",10,06/30/2015,Approved,CLYDE'S COTTAGES MH AND RV PARK LLC,
PR9833,HIGHLAND OAKS,Hillsborough,"4943 HILLSBOROUGH AVE, TAMPA, FL 33610",86,03/11/2025,Approved,HIGHLAND OAKS MHC LLC,
PR9836,BAY LANDINGS EAST,Hillsborough,"11211 E BAY RD # 10, GIBSONTON, FL 33534",94,11/17/2020,Approved,BULLFROG MHC LLC,
PR9835,BAY LANDINGS WEST,Hillsborough,"8750 SYMMES RD, GIBSONTON, FL 33534",40,11/20/2020,Approved,BULLFROG MHC LLC,
PR9840,PELICAN SUN ESTATES 2,Hillsborough,"11123 N NEBRASKA AVE, TAMPA, FL 33612",34,07/01/2021,Approved,PELICAN SUN ESTATES GP LLC,
PR9839,PELICAN SUN ESTATES 1,Hillsborough,"10921 N NEBRASKA AVE, TAMPA, FL 33612",30,11/15/2024,Approved,PELICAN SUN ESTATES GP LLC,
PR9841,TAMPA SUN ESTATES,Hillsborough,"10101 N FLORIDA AVE, TAMPA, FL 33612",69,08/18/2022,Approved,TAMPA SUN ESTATES LLC,
PR9845,TAMPA SUN ESTATES 3,Hillsborough,"10603 N NEBRASKA AVE, TAMPA, FL 33612",52,10/11/2021,Approved,TAMPA SUN ESTATES 3 AND 4 LLC,
PR9846,TAMPA SUN ESTATES 4,Hillsborough,"14011 N NEBRASKA AVE, TAMPA, FL 33612",48,10/05/2021,Approved,TAMPA SUN ESTATES 3 AND 4 LLC,
PR9854,TAMPA SUN ESTATES 5,Hillsborough,"221 21ST ST SE, RUSKIN, FL 33570",34,07/08/2022,Approved,TAMPA SUN ESTATES 5 LLC,
PR9883,VALRICO MOBILE HOME PARK,Hillsborough,"1221 N VALRICO RD, VALRICO, FL 33594",0,06/18/2025,Approved,VALRICO MHP LLC,
PR9884,FOREST GREEN ACRES,Pasco,"11337 HUDSON AVE, HUDSON, FL 34669",0,06/18/2025,Approved,FOREST GREEN ACRES MHP LLC,
PR9885,WATERSIDE MOBILE HOME PARK,Hillsborough,"8536 HONEYWELL RD, GIBSONTON, FL 33534",0,12/23/2025,Approved,WATERSIDE MHP LLC,
PR9889,NEW RIVER GARDENS,Pasco,"3815 NEW RIVER RD, WESLEY CHAPEL, FL 33543",14,01/20/2026,Approved,UAH TAMPA I LLC,
PR9890,PLEASANT VILLAGE GARDENS,Pasco,"4531 GAIL BLVD, ZEPHYRHILLS, FL 33542",18,01/20/2026,Approved,UAH TAMPA I LLC,
PR9893,CAROUSEL MOBILE HOME COMMUNITY,Hillsborough,"5410 N FALKENBURG RD, TAMPA, FL 33610",46,08/03/2026,Approved,CAROUSEL MHP LLC,
PR9894,TWIN PALMS MOBILE HOME COMMUNITY,Hillsborough,"11520 E US  HWY 92, SEFFNER, FL 33584",0,08/07/2026,Approved,ANGEL WOODS MHP LLC,
PR9897,CITRUS KNOLL MOBILE HOME COMMUNITY,Hillsborough,"12960 MORRIS BRIDGE RD, THONOTOSASSA, FL 33592",34,08/07/2026,Approved,CITRUS KNOLL TAMPA MHP LLC,
PR9901,J & L MOBILE HOME COMMUNITY,Hillsborough,"2310 S 50TH ST, TAMPA, FL 33619",0,08/19/2026,Approved,J AND L MHP LLC,
